<?xml version="1.0" encoding="UTF-8"?>
<project-private xmlns="http://www.netbeans.org/ns/project-private/1">
    <editor-bookmarks xmlns="http://www.netbeans.org/ns/editor-bookmarks/2" lastBookmarkId="0"/>
    <open-files xmlns="http://www.netbeans.org/ns/projectui-open-files/2">
        <group>
            <file>file:/Users/KamyTeeq/Downloads/ProjectTeam_12%202/web/products.jsp</file>
            <file>file:/Users/KamyTeeq/Downloads/ProjectTeam_12%202/web/index.jsp</file>
            <file>file:/Users/KamyTeeq/Downloads/ProjectTeam_12%202/web/login.jsp</file>
            <file>file:/Users/KamyTeeq/Downloads/ProjectTeam_12%202/web/product.jsp</file>
            <file>file:/Users/KamyTeeq/Downloads/ProjectTeam_12%202/web/confirmDelete.jsp</file>
            <file>file:/Users/KamyTeeq/Downloads/ProjectTeam_12%202/web/signup.jsp</file>
        </group>
    </open-files>
</project-private>
